<?xml version="1.0" encoding="UTF-8"?>
<project-private xmlns="http://www.netbeans.org/ns/project-private/1">
    <editor-bookmarks xmlns="http://www.netbeans.org/ns/editor-bookmarks/2" lastBookmarkId="0"/>
    <open-files xmlns="http://www.netbeans.org/ns/projectui-open-files/2">
        <group>
            <file>file:/C:/Users/Firo/Desktop/Proyecto/src/Tratamientos.java</file>
            <file>file:/C:/Users/Firo/Desktop/Proyecto/src/ModNombres.java</file>
            <file>file:/C:/Users/Firo/Desktop/Proyecto/src/ModCorreos.java</file>
            <file>file:/C:/Users/Firo/Desktop/Proyecto/src/Main.java</file>
            <file>file:/C:/Users/Firo/Desktop/Proyecto/src/statica.java</file>
            <file>file:/C:/Users/Firo/Desktop/Proyecto/src/Cliente.java</file>
            <file>file:/C:/Users/Firo/Desktop/Proyecto/src/L_Clientes.java</file>
            <file>file:/C:/Users/Firo/Desktop/Proyecto/src/Horarios.java</file>
            <file>file:/C:/Users/Firo/Desktop/Proyecto/src/Usuario.java</file>
            <file>file:/C:/Users/Firo/Desktop/Proyecto/src/ModTelefonos.java</file>
            <file>file:/C:/Users/Firo/Desktop/Proyecto/src/Admin.java</file>
        </group>
    </open-files>
</project-private>
